"Refs","Value","Tolerance","Footprint","MPN","Qty","DNP"
"C1-C3,C5","2.2u","","Capacitor_SMD:C_0603_1608Metric","","4",""
"C4,C9","10u","","Capacitor_SMD:C_0805_2012Metric","","2",""
"C10,C15,C16","1u","","Capacitor_SMD:C_0603_1608Metric","","3",""
"C17,C18,C31-C33,C101-C121","100n","","Capacitor_SMD:C_0402_1005Metric","","26",""
"C201-C221","4.7n","","Capacitor_SMD:C_0402_1005Metric","","21",""
"D1","B5819W","","Diode_SMD:D_SOD-123","B5819W","1",""
"F1","750mA","","Fuse:Fuse_0805_2012Metric","SMD0805-075","1",""
"HE1-HE21","DRV5055A3QDBZR","","Package_TO_SOT_SMD:SOT-23","DRV5055A3QDBZR","21",""
"J1","TYPE-C-31-M-12","","Connector_USB:USB_C_Receptacle_HRO_TYPE-C-31-M-12","HRO TYPE-C-31-M-12","1",""
"J3","SM10B-SRSS-TB","","Connector_JST:JST_SH_SM10B-SRSS-TB_1x10-1MP_P1.00mm_Horizontal","SM10B-SRSS-TB","1",""
"J4","MCU module","","vgacorne:Module_Castellated_Landing_2x12_P1.27mm_19.4x25mm","","1",""
"J5","Trackpad","","Connector_FFC-FPC:Jushuo_AFC07-S06FCA-00_1x6-1MP_P0.50_Horizontal","AFC07-S06FCA-00 (LCSC C262553)","1",""
"R1,R2","5.1k","","Resistor_SMD:R_0402_1005Metric","","2",""
"R5-R7","470","","Resistor_SMD:R_0402_1005Metric","","3",""
"R8-R10","100","","Resistor_SMD:R_0402_1005Metric","","3",""
"R11-R13","100k","","Resistor_SMD:R_0402_1005Metric","","3",""
"R14-R16","100k","","Resistor_SMD:R_0402_1005Metric","","3","DNP"
"R17","10k","","Resistor_SMD:R_0402_1005Metric","","1",""
"R18,R301-R321","1k","","Resistor_SMD:R_0402_1005Metric","","22",""
"R19,R20","4.7k","","Resistor_SMD:R_0402_1005Metric","","2",""
"SW22","BOOT","","Button_Switch_SMD:SW_Push_1P1T_XKB_TS-1187A","TS-1187A-B-A-B","1",""
"SW23","RESET","","Button_Switch_SMD:SW_Push_1P1T_XKB_TS-1187A","TS-1187A-B-A-B","1",""
"U2,U3","TLV75733PDBVR","","Package_TO_SOT_SMD:SOT-23-5","TLV75733PDBVR","2",""
"U4","USBLC6-2SC6","","Package_TO_SOT_SMD:SOT-23-6","USBLC6-2SC6","1",""
"U6,U7","SRV05-4","","Package_TO_SOT_SMD:SOT-23-6","SRV05-4","2",""
"U8","TPS2051CDBVR","","Package_TO_SOT_SMD:SOT-23-5","TPS2051CDBVR","1",""
"U11-U13","SN74LV4051APWR","","Package_SO:TSSOP-16_4.4x5mm_P0.65mm","SN74LV4051APWR","3",""
