"Refs","Value","Footprint","MPN","Qty","DNP"
"C1,C3","10u","Capacitor_SMD:C_0805_2012Metric","","2",""
"C2","2.2u","Capacitor_SMD:C_0603_1608Metric","","1",""
"C4,C31-C33,C101-C123","100n","Capacitor_SMD:C_0402_1005Metric","","27",""
"C5","1n","Capacitor_SMD:C_0402_1005Metric","","1",""
"C201-C223","4.7n","Capacitor_SMD:C_0402_1005Metric","","23",""
"ENC1","PEC12R-2217F-N0024","Rotary_Encoder:RotaryEncoder_Bourns_Horizontal_PEC12R-2x17F-Nxxxx","PEC12R-2217F-N0024","1",""
"HE1-HE23","DRV5055A3QDBZR","Package_TO_SOT_SMD:SOT-23","DRV5055A3QDBZR","23",""
"J3","SM10B-SRSS-TB","Connector_JST:JST_SH_SM10B-SRSS-TB_1x10-1MP_P1.00mm_Horizontal","SM10B-SRSS-TB","1",""
"R1-R3","75","Resistor_SMD:R_0402_1005Metric","","3",""
"R17","1k","Resistor_SMD:R_0402_1005Metric","","1",""
"R21,R22","10k","Resistor_SMD:R_0402_1005Metric","","2",""
"R23","47k","Resistor_SMD:R_0402_1005Metric","","1",""
"R24","100k","Resistor_SMD:R_0402_1005Metric","","1",""
"U2","TLV75733PDBVR","Package_TO_SOT_SMD:SOT-23-5","TLV75733PDBVR","1",""
"U5","TLV9064IPWR","Package_SO:TSSOP-14_4.4x5mm_P0.65mm","TLV9064IPWR","1",""
"U6,U7","SRV05-4","Package_TO_SOT_SMD:SOT-23-6","SRV05-4","2",""
"U11-U13","SN74LV4051APWR","Package_SO:TSSOP-16_4.4x5mm_P0.65mm","SN74LV4051APWR","3",""
